id,email,hashed_password,is_active
1,Bridger.Lamb,123,1
2,Karma.Scott,124,1
3,Franklin.Larson,125,1
4,Gloria.Mccall,126,1
5,Lina.Gonzalez,127,1
6,Beatrice.Blankenship,128,1
7,Tara.Potts,129,1
8,Nigel.Cain,130,1
9,Celia.Chambers,131,1
10,Moshe.Valentine,132,1
11,Leland.Mejia,133,1
12,Nancy.Huang,134,1
13,Monserrat.Daugherty,135,1
14,Angelique.Cantu,136,1
15,Salma.Watkins,137,1
16,Gia.Gilmore,138,1
17,Brendon.Elliott,139,1
18,Maxwell.Williams,140,1
19,Darius.Mcconnell,141,1
20,Makhi.Haley,142,1
21,Makena.Richardson,143,1
22,Jessie.Haas,144,1
23,Lillie.Wagner,145,1
24,Jude.Cervantes,146,1
25,Rebekah.Trevino,147,1
26,Shelby.Dennis,148,1
27,Mike.Vaughn,149,1
28,Kira.Sheppard,150,1
29,Jaime.Newman,151,1
30,Sadie.Watkins,152,1
31,Amirah.Hinton,153,1
32,Cannon.Brown,154,1
33,Destiny.Mueller,155,1
34,Brendon.Ramsey,156,1
35,Diamond.Calderon,157,1
36,Zayne.Hines,158,1
37,Jacoby.Ramos,159,1
38,Johnathan.Vaughan,160,1
39,David.Mejia,161,1
40,Deven.Richards,162,1
41,Ahmed.Bradford,163,1
42,Duncan.Sharp,164,1
43,Lawson.Delacruz,165,1
44,Kaitlin.Travis,166,1
45,Kayla.Gill,167,1
46,Jaidyn.Pierce,168,1
47,Jesus.Meadows,169,1
48,Curtis.Stafford,170,1
49,Lindsey.Mcbride,171,1
50,Grayson.Cole,172,1
51,Charles.Cameron,173,1
52,Larissa.Holloway,174,1
53,Vivian.Schaefer,175,1
54,Marc.Villanueva,176,1
55,Arely.Wise,177,1
56,Jerry.Goodwin,178,1
57,Jazlene.Nguyen,179,1
58,Damarion.Leonard,180,1
59,Mariela.Shepherd,181,1
60,Arthur.Elliott,182,1
61,Lyric.Schwartz,183,1
62,Isiah.Adkins,184,1
63,Monique.Wilcox,185,1
64,Dulce.Acevedo,186,1
65,Adonis.Roman,187,1
66,Gaven.Wise,188,1
67,Abbey.Ross,189,1
68,Mohammed.Pena,190,1
69,Tyshawn.Rich,191,1
70,Gilberto.Pugh,192,1
71,Carleigh.Gibbs,193,1
72,Aiyana.Gutierrez,194,1
73,Aisha.Roth,195,1
74,Maximillian.Merritt,196,1
75,Amelia.Norton,197,1
76,Raelynn.Lucero,198,1
77,Sidney.Bridges,199,1
78,Cecelia.Obrien,200,1
79,Averi.Zuniga,201,1
80,Beau.Glover,202,1
81,Owen.Zamora,203,1
82,Hanna.Graham,204,1
83,Nickolas.Reyes,205,1
84,Christine.Bullock,206,1
85,Saul.Hernandez,207,1
86,Annabel.Cobb,208,1
87,Billy.Townsend,209,1
88,Saige.Keller,210,1
89,Grace.Jackson,211,1
90,Yoselin.Orozco,212,1
91,Winston.Ali,213,1
92,Lily.Hughes,214,1
93,Kamari.Yoder,215,1
94,Adrian.Lindsey,216,1
95,Payton.Zamora,217,1
96,Carleigh.Stephens,218,1
97,Kiersten.Lindsey,219,1
98,Shane.Stein,220,1
99,Jonah.Rojas,221,1
100,Emely.Little,222,1
101,Mckinley.Stark,223,1
102,Aryanna.Rodgers,224,1
103,Jazlene.Levine,225,1
104,Lucian.Ho,226,1
105,Emerson.Harding,227,1
106,Alexia.Norman,228,1
107,Javier.Terry,229,1
108,Kingston.Molina,230,1
109,Nicolas.Zuniga,231,1
110,Isaac.Rose,232,1
111,Jaylynn.Flynn,233,1
112,Valentina.Summers,234,1
113,Brogan.Blankenship,235,1
114,Cristina.Gross,236,1
115,Kristopher.Gordon,237,1
116,Phoebe.Medina,238,1
117,Adan.Cummings,239,1
118,Evan.Cohen,240,1
119,Mattie.Hunter,241,1
120,Quintin.Le,242,1
121,Alisson.Curry,243,1
122,Talan.Green,244,1
123,Chloe.Mcmillan,245,1
124,Erika.Lawson,246,1
125,Donovan.Mendoza,247,1
126,Camille.Thompson,248,1
127,Amara.Weiss,249,1
128,Nelson.Solis,250,1
129,Cristian.Brock,251,1
130,Jennifer.Whitehead,252,1
131,Tristin.Jensen,253,1
132,Azaria.Kaiser,254,1
133,Adriana.Noble,255,1
134,Annabel.Tyler,256,1
135,Brett.Burgess,257,1
136,Kianna.Pham,258,1
137,Felipe.Campbell,259,1
138,Damion.Sellers,260,1
139,Noemi.Gallagher,261,1
140,Jovany.Sandoval,262,1
141,Tess.House,263,1
142,Kaitlin.Lara,264,1
143,Bradley.Li,265,1
144,Raven.Kline,266,1
145,Maliyah.Walker,267,1
146,Stephanie.Boyd,268,1
147,Ana.Clay,269,1
148,Jadyn.Sherman,270,1
149,Santos.Rollins,271,1
150,Jovany.Randall,272,1
151,Kolby.Walls,273,1
152,Nathanael.Weeks,274,1
153,Amara.Lang,275,1
154,Nathanael.Hopkins,276,1
155,Diya.Ferguson,277,1
156,Brent.Vargas,278,1
157,Ashanti.Stevens,279,1
158,Marisa.Malone,280,1
159,Dillon.Obrien,281,1
160,Giada.Christensen,282,1
161,Jovani.Mays,283,1
162,Aliana.Merritt,284,1
163,Amelia.Powell,285,1
164,Case.Torres,286,1
165,Rhys.Calderon,287,1
166,Lucian.Lee,288,1
167,Molly.Barry,289,1
168,Gunner.Donaldson,290,1
169,Leo.Rosario,291,1
170,Stephen.Maddox,292,1
171,Hanna.Gomez,293,1
172,Rylee.Goodwin,294,1
173,Konner.Franco,295,1
174,Nevaeh.Evans,296,1
175,Jordon.Pearson,297,1
176,Luna.Gilmore,298,1
177,James.Swanson,299,1
178,Yair.Harper,300,1
179,Braylon.Rowland,301,1
180,Mara.Neal,302,1
181,Maverick.Warren,303,1
182,Zane.Irwin,304,1
183,Ramiro.Terrell,305,1
184,Rylie.Herrera,306,1
185,Wilson.Greene,307,1
186,Chase.Chen,308,1
187,Macy.Glenn,309,1
188,Stephanie.Fuentes,310,1
189,Yusuf.Peterson,311,1
190,Janiah.Owens,312,1
191,Kaydence.Ruiz,313,1
192,Akira.Mcdowell,314,1
193,Bo.Hodge,315,1
194,Mercedes.Graves,316,1
195,Sonia.Stein,317,1
196,Erik.Stone,318,1
197,Landen.Burch,319,1
198,Scarlett.Ware,320,1
199,Austin.Wang,321,1
200,Gage.Fernandez,322,1
201,Trace.Patrick,323,1
202,Heidi.Wallace,324,1
203,Teagan.Hodges,325,1
204,Jakob.Dickerson,326,1
205,Braydon.Donovan,327,1
206,Micaela.Mccall,328,1
207,Amira.Diaz,329,1
208,Jaylen.Randolph,330,1
209,Jaiden.Branch,331,1
210,Mya.Cantu,332,1
211,Laci.Avila,333,1
212,Robert.Vargas,334,1
213,Alexis.Burns,335,1
214,Reagan.Sampson,336,1
215,Memphis.King,337,1
216,Ryleigh.Black,338,1
217,Mohammed.Mccarty,339,1
218,Bryanna.Pearson,340,1
219,Javion.Hartman,341,1
220,Reina.Huber,342,1
221,Paige.David,343,1
222,Keshawn.Stephens,344,1
223,Bailey.Hebert,345,1
224,Genesis.Mckenzie,346,1
225,Isabell.Nielsen,347,1
226,Avery.Oneill,348,1
227,Landen.Dixon,349,1
228,Kristopher.Joyce,350,1
229,Niko.Cochran,351,1
230,Matthias.Benjamin,352,1
231,Lexi.Travis,353,1
232,Janiya.Clarke,354,1
233,Lorenzo.Cordova,355,1
234,Arjun.Hobbs,356,1
235,Estrella.Norton,357,1
236,Cornelius.Huff,358,1
237,Jermaine.Hart,359,1
238,America.Clements,360,1
239,Omari.Wilson,361,1
240,Thomas.Ball,362,1
241,Aliza.Harmon,363,1
242,Amiah.Dougherty,364,1
243,Jaydan.James,365,1
244,Keegan.Johnston,366,1
245,Jovany.Mcdaniel,367,1
246,Abril.Boone,368,1
247,Roderick.Boone,369,1
248,Haleigh.Davidson,370,1
249,Kylan.Rubio,371,1
250,Whitney.Herring,372,1
251,Erika.Reyes,373,1
252,Lindsey.Cross,374,1
253,Aubrey.Rhodes,375,1
254,Monica.Hancock,376,1
255,Brennen.Martin,377,1
256,Sergio.Mccall,378,1
257,Briley.Cameron,379,1
258,Eden.Herrera,380,1
259,Makhi.Blanchard,381,1
260,Callie.Crawford,382,1
261,Molly.Barron,383,1
262,Tiffany.Tate,384,1
263,Jakayla.Wolf,385,1
264,Kenneth.Hood,386,1
265,Adyson.Mitchell,387,1
266,Silas.Wade,388,1
267,Jadiel.Ross,389,1
268,Jaylyn.Berry,390,1
269,Hamza.Hull,391,1
270,Chaim.Massey,392,1
271,Trevin.Black,393,1
272,Asia.Thornton,394,1
273,Braylon.Sosa,395,1
274,Lennon.Rodriguez,396,1
275,Gavin.Faulkner,397,1
276,Natalee.Salazar,398,1
277,Ariel.Pacheco,399,1
278,Kale.Whitehead,400,1
279,Kaydence.Steele,401,1
280,Cristian.Velez,402,1
281,Terry.Ross,403,1
282,Kylee.Valenzuela,404,1
283,Rachael.Horne,405,1
284,Karter.Case,406,1
285,Nathalie.Marquez,407,1
286,Natalie.Raymond,408,1
287,Frank.Scott,409,1
288,Annabel.Hanson,410,1
289,Aryanna.Serrano,411,1
290,Tony.Fowler,412,1
291,Deandre.Wheeler,413,1
292,Adalynn.Carrillo,414,1
293,Karlie.Summers,415,1
294,Zackery.Snyder,416,1
295,Itzel.Barrera,417,1
296,Aleah.Hunt,418,1
297,Quincy.Lee,419,1
298,Darius.Harmon,420,1
299,Christopher.Shelton,421,1
300,Brynn.Moyer,422,1
301,Zariah.Rich,423,1
302,Marianna.Hess,424,1
303,Guillermo.Mcneil,425,1
304,Mariyah.Acosta,426,1
305,Walker.Bell,427,1
306,Vaughn.Munoz,428,1
307,Shaun.Leach,429,1
308,Carter.Henderson,430,1
309,Khalil.Garrett,431,1
310,Chris.Rodriguez,432,1
311,Wesley.Heath,433,1
312,Lance.Dudley,434,1
313,Nadia.Oneal,435,1
314,Bridget.Frey,436,1
315,Tess.Cole,437,1
316,Matthias.Velez,438,1
317,Nikolai.Powers,439,1
318,Patience.Raymond,440,1
319,Makenzie.Pratt,441,1
320,Braden.Jackson,442,1
321,Camille.Sherman,443,1
322,Alan.Mcintyre,444,1
323,Aimee.Knox,445,1
324,Katie.Mayo,446,1
325,Roman.Morrison,447,1
326,Lilliana.Herrera,448,1
327,Emanuel.Owens,449,1
328,Josue.Hendricks,450,1
329,Baron.Macias,451,1
330,Kaeden.Lee,452,1
331,Kendal.Mcintosh,453,1
332,Jaidyn.Gordon,454,1
333,Jacey.Ashley,455,1
334,Skylar.Obrien,456,1
335,Beau.Strong,457,1
336,Jessica.Stokes,458,1
337,Octavio.Preston,459,1
338,Glenn.Glenn,460,1
339,Matthias.Ryan,461,1
340,Abby.Morales,462,1
341,Valentin.Conner,463,1
342,Kade.Cook,464,1
343,Sienna.Hebert,465,1
344,Miah.Ponce,466,1
345,Jaden.Aguilar,467,1
346,Giana.Baker,468,1
347,Dominique.Knight,469,1
348,Houston.Frey,470,1
349,Cale.Daniel,471,1
350,Tiana.Alexander,472,1
351,Izabella.Gallagher,473,1
352,Julian.Cooper,474,1
353,Eliezer.Davis,475,1
354,Jair.Weeks,476,1
355,Ernest.Becker,477,1
356,Savanah.Forbes,478,1
357,Annalise.Wood,479,1
358,Fernanda.Copeland,480,1
359,Reagan.Salinas,481,1
360,Pierre.Beck,482,1
361,Cassie.Gaines,483,1
362,Marquis.Whitaker,484,1
363,Rowan.Morton,485,1
364,Turner.Pitts,486,1
365,Ivan.Greene,487,1
366,Maddox.Sheppard,488,1
367,Aaliyah.Cain,489,1
368,James.Kemp,490,1
369,Carina.Kelly,491,1
370,Heidi.Bowen,492,1
371,Connor.Villarreal,493,1
372,Gerardo.Conway,494,1
373,Yair.Hartman,495,1
374,Giada.Compton,496,1
375,Jaqueline.Hines,497,1
376,Renee.Benjamin,498,1
377,Justice.Robles,499,1
378,Ashlee.Hodge,500,1
379,Lily.Hoover,501,1
380,Gunnar.Petty,502,1
381,Solomon.Schultz,503,1
382,Alessandra.Ramos,504,1
383,Kathleen.Gallegos,505,1
384,Kathleen.Herman,506,1
385,Augustus.Villanueva,507,1
386,Celia.Cantu,508,1
387,Amari.Sullivan,509,1
388,Annabelle.Conrad,510,1
389,Ethan.Pittman,511,1
390,Cassius.Sosa,512,1
391,Mackenzie.Meyers,513,1
392,Madilynn.Mcknight,514,1
393,Simeon.Hahn,515,1
394,Camila.Galvan,516,1
395,Cristopher.Boyle,517,1
396,Brooklyn.Butler,518,1
397,Humberto.Carpenter,519,1
398,Eve.Schneider,520,1
399,Denisse.Fitzgerald,521,1
400,Dax.Clayton,522,1
401,Krish.Andersen,523,1
402,Trenton.Boone,524,1
403,Carlos.Murray,525,1
404,Javion.Mckenzie,526,1
405,Baron.Obrien,527,1
406,Caitlyn.Stokes,528,1
407,Dakota.Sharp,529,1
408,Camron.Nolan,530,1
409,Alicia.Mcguire,531,1
410,Moshe.Carr,532,1
411,Halle.Becker,533,1
412,Jada.Camacho,534,1
413,Reina.Odonnell,535,1
414,Amya.Douglas,536,1
415,Isaias.Humphrey,537,1
416,Connor.Burns,538,1
417,Carmen.Chaney,539,1
418,Marely.Cameron,540,1
419,Josh.Faulkner,541,1
420,Alani.Boyer,542,1
421,Olive.Lester,543,1
422,Mohammad.Spence,544,1
423,Jaslyn.Pennington,545,1
424,Joseph.Herring,546,1
425,Casey.Gibson,547,1
426,Branden.Gilmore,548,1
427,Kylan.Villegas,549,1
428,Kaylah.Morgan,550,1
429,Liana.Horne,551,1
430,Ali.Huff,552,1
431,Cassandra.Prince,553,1
432,Charlize.Williams,554,1
433,Jair.Kirby,555,1
434,Jeramiah.Meyers,556,1
435,Maggie.Hodges,557,1
436,Jennifer.Sexton,558,1
437,Christian.Randolph,559,1
438,Kiana.Huang,560,1
439,Jordan.Nicholson,561,1
440,Alexandria.Duffy,562,1
441,Konner.Ellis,563,1
442,Diya.Lucas,564,1
443,Simone.Bass,565,1
444,Savion.Murillo,566,1
445,Gabriella.Snyder,567,1
446,Misael.Walker,568,1
447,Jakayla.Randolph,569,1
448,Keira.Sutton,570,1
449,Cole.Alexander,571,1
450,Bailey.Ewing,572,1
451,Areli.Jennings,573,1
452,Xavier.Phelps,574,1
453,Eva.Mcfarland,575,1
454,Elisa.Garrison,576,1
455,Belen.Donovan,577,1
456,Adelyn.Simon,578,1
457,Elliott.Poole,579,1
458,Alexis.Daniel,580,1
459,Ernest.Clements,581,1
460,Abdullah.Cook,582,1
461,David.Mosley,583,1
462,Reese.Flynn,584,1
463,Payton.Underwood,585,1
464,Josephine.Mcintyre,586,1
465,Emilie.Andersen,587,1
466,Jadyn.Erickson,588,1
467,Aleena.Hatfield,589,1
468,Amanda.Hamilton,590,1
469,Jovanny.Kennedy,591,1
470,Kara.Bray,592,1
471,Noel.Rosales,593,1
472,Chaz.Sloan,594,1
473,Morgan.Huff,595,1
474,Audrina.Hart,596,1
475,Jaden.Adkins,597,1
476,Tyrone.Neal,598,1
477,Jameson.Moss,599,1
478,Jacob.Bell,600,1
479,Belen.Mann,601,1
480,Gabriela.Cox,602,1
481,Keyla.Crosby,603,1
482,Gisselle.Macdonald,604,1
483,Grace.Holder,605,1
484,Boston.Farrell,606,1
485,Reginald.Sanders,607,1
486,Priscilla.Page,608,1
487,Austin.Hicks,609,1
488,Pamela.Beck,610,1
489,Bria.Finley,611,1
490,Alexzander.Schmitt,612,1
491,Amare.Cisneros,613,1
492,Vaughn.Barnett,614,1
493,Jonah.Nash,615,1
494,Ethen.Raymond,616,1
495,Harper.Miranda,617,1
496,Lesly.Hurley,618,1
497,Kaylie.Hill,619,1
498,Claire.Dunn,620,1
499,Jamar.Roach,621,1
500,Gilberto.Harmon,622,1
501,Gwendolyn.Kirk,623,1
502,Ava.Huynh,624,1
503,Jon.Casey,625,1
504,Reuben.Bowman,626,1
505,Marquise.Zhang,627,1
506,Arianna.Bowman,628,1
507,Ashley.Horton,629,1
508,Theodore.Reilly,630,1
509,Ruby.Diaz,631,1
510,Clara.Hopkins,632,1
511,Spencer.Combs,633,1
512,Daphne.Rangel,634,1
513,Zackery.Lam,635,1
514,Ryann.Goodman,636,1
515,Erica.Krueger,637,1
516,Rudy.Chen,638,1
517,Hannah.Berry,639,1
518,Jasmine.Craig,640,1
519,Samir.Levine,641,1
520,Phillip.Benitez,642,1
521,Paisley.Chase,643,1
522,Aryana.Copeland,644,1
523,Iyana.Hester,645,1
524,Seamus.Richardson,646,1
525,Rose.Simpson,647,1
526,Zaire.Arnold,648,1
527,Diamond.Nielsen,649,1
528,Remington.Holden,650,1
529,Zoie.Orr,651,1
530,Clara.Macdonald,652,1
531,Reyna.Price,653,1
532,Jamal.Mathis,654,1
533,Annalise.Hammond,655,1
534,Jeffrey.Moody,656,1
535,Jax.Everett,657,1
536,Damien.Pope,658,1
537,Melanie.Beck,659,1
538,Hope.Hardin,660,1
539,Everett.Hinton,661,1
540,Felipe.Grimes,662,1
541,Rishi.Randolph,663,1
542,Kenneth.Willis,664,1
543,Mario.Pitts,665,1
544,Ari.Estes,666,1
545,Gage.Miller,667,1
546,Wade.Dudley,668,1
547,Bruce.Friedman,669,1
548,Nikhil.Gaines,670,1
549,Alma.Mullins,671,1
550,Averi.Zamora,672,1
551,Lesly.Lopez,673,1
552,Amaya.Leonard,674,1
553,Brendon.Collier,675,1
554,Kianna.Burch,676,1
555,Mayra.Bradley,677,1
556,Quentin.Hendrix,678,1
557,Isis.Dunn,679,1
558,Yadira.Bruce,680,1
559,Dorian.Warren,681,1
560,Jamie.Malone,682,1
561,Jensen.King,683,1
562,Damien.Farmer,684,1
563,Bella.Hoover,685,1
564,Lydia.Anthony,686,1
565,Aliza.Cherry,687,1
566,Kayden.Weaver,688,1
567,Sterling.Fernandez,689,1
568,Evangeline.Mckee,690,1
569,Bronson.Shepard,691,1
570,Makhi.Estes,692,1
571,Eliana.Wells,693,1
572,Addyson.Peck,694,1
573,Melina.Beard,695,1
574,Ronnie.Haas,696,1
575,Bailee.Reyes,697,1
576,Karlee.Dyer,698,1
577,Kael.Beard,699,1
578,Tamia.Barajas,700,1
579,Regina.Blake,701,1
580,Alfredo.Singh,702,1
581,Reilly.Avila,703,1
582,Elizabeth.Bullock,704,1
583,Jillian.Mosley,705,1
584,Abby.West,706,1
585,Monica.Gilmore,707,1
586,Isabelle.Le,708,1
587,Stacy.Graham,709,1
588,Jovani.Hayes,710,1
589,Reagan.Wang,711,1
590,Kristen.Nichols,712,1
591,Marvin.Livingston,713,1
592,Roberto.Kerr,714,1
593,Marlie.Spencer,715,1
594,Giovani.Sullivan,716,1
595,Khalil.Liu,717,1
596,Isaiah.Costa,718,1
597,Taryn.Rios,719,1
598,Kasey.Mcfarland,720,1
599,Luke.Harper,721,1
600,Angel.Torres,722,1
601,Annabella.Mcpherson,723,1
602,Trenton.Shelton,724,1
603,Cristian.Smith,725,1
604,Alannah.Joyce,726,1
605,Dax.Chang,727,1
606,Jaylan.Underwood,728,1
607,Paula.Donovan,729,1
608,Cali.Espinoza,730,1
609,Barrett.Peterson,731,1
610,Macey.Bruce,732,1
